﻿<?xml version="1.0" encoding="utf-8" standalone="no"?>
<xmcda:XMCDA xmlns:xmcda="http://www.decision-deck.org/2019/XMCDA-3.1.1" xmlns:xsi="http://www.w3.org/2001/XMLSchema-instance" xsi:schemaLocation="http://www.decision-deck.org/2019/XMCDA-3.1.1 http://www.decision-deck.org/xmcda/_downloads/XMCDA-3.1.1.xsd">
  <criteriaValues>
    <criterionValue>
      <criterionID>KARIERA</criterionID>
      <value>
        <integer>2</integer>
      </value>
    </criterionValue>
    <criterionValue>
      <criterionID>ROZNORDONOSC</criterionID>
      <value>
        <integer>3</integer>
      </value>
    </criterionValue>
    <criterionValue>
      <criterionID>IDEA</criterionID>
      <value>
        <integer>2</integer>
      </value>
    </criterionValue>
  </criteriaValues>
</xmcda:XMCDA>