﻿<?xml version="1.0" encoding="utf-8" standalone="no"?>
<xmcda:XMCDA xmlns:xmcda="http://www.decision-deck.org/2019/XMCDA-3.1.1" xmlns:xsi="http://www.w3.org/2001/XMLSchema-instance" xsi:schemaLocation="http://www.decision-deck.org/2019/XMCDA-3.1.1 http://www.decision-deck.org/xmcda/_downloads/XMCDA-3.1.1.xsd">
  <criteria mcdaConcept="criteria">
    <criterion>
      <criterionID>KARIERA</criterionID>
      <criterionFunction>
        <points>
          <point>
            <abscissa>
              <real>51.2</real>
            </abscissa>
            <ordinate>
              <real>0</real>
            </ordinate>
          </point>
          <point>
            <abscissa>
              <real>67.32</real>
            </abscissa>
            <ordinate>
              <real>0.4939658994</real>
            </ordinate>
          </point>
          <point>
            <abscissa>
              <real>83.44</real>
            </abscissa>
            <ordinate>
              <real>0.4939658994</real>
            </ordinate>
          </point>
        </points>
      </criterionFunction>
    </criterion>
    <criterion>
      <criterionID>ROZNORDONOSC</criterionID>
      <criterionFunction>
        <points>
          <point>
            <abscissa>
              <real>18.69</real>
            </abscissa>
            <ordinate>
              <real>0</real>
            </ordinate>
          </point>
          <point>
            <abscissa>
              <real>36.04</real>
            </abscissa>
            <ordinate>
              <real>0</real>
            </ordinate>
          </point>
          <point>
            <abscissa>
              <real>53.39</real>
            </abscissa>
            <ordinate>
              <real>0.19059604640513</real>
            </ordinate>
          </point>
          <point>
            <abscissa>
              <real>70.74</real>
            </abscissa>
            <ordinate>
              <real>0.38047219751</real>
            </ordinate>
          </point>
        </points>
      </criterionFunction>
    </criterion>
    <criterion>
      <criterionID>IDEA</criterionID>
      <criterionFunction>
        <points>
          <point>
            <abscissa>
              <real>14.45</real>
            </abscissa>
            <ordinate>
              <real>0</real>
            </ordinate>
          </point>
          <point>
            <abscissa>
              <real>54.18</real>
            </abscissa>
            <ordinate>
              <real>0</real>
            </ordinate>
          </point>
          <point>
            <abscissa>
              <real>93.91</real>
            </abscissa>
            <ordinate>
              <real>0.12556190309</real>
            </ordinate>
          </point>
        </points>
      </criterionFunction>
    </criterion>
  </criteria>
</xmcda:XMCDA>