﻿<?xml version="1.0" encoding="utf-8" standalone="no"?>
<xmcda:XMCDA xmlns:xmcda="http://www.decision-deck.org/2019/XMCDA-3.1.1" xmlns:xsi="http://www.w3.org/2001/XMLSchema-instance" xsi:schemaLocation="http://www.decision-deck.org/2019/XMCDA-3.1.1 http://www.decision-deck.org/xmcda/_downloads/XMCDA-3.1.1.xsd">
  <criteriaValues>
    <criterionValue>
      <criterionID>Cena [PLN]</criterionID>
      <value>
        <integer>1</integer>
      </value>
    </criterionValue>
    <criterionValue>
      <criterionID>Gramatura kimona [g/m]</criterionID>
      <value>
        <integer>1</integer>
      </value>
    </criterionValue>
    <criterionValue>
      <criterionID>Waga spodni [oz]</criterionID>
      <value>
        <integer>1</integer>
      </value>
    </criterionValue>
    <criterionValue>
      <criterionID>Zawarto?? bawe?ny [%]</criterionID>
      <value>
        <integer>1</integer>
      </value>
    </criterionValue>
    <criterionValue>
      <criterionID>Ocena producenta</criterionID>
      <value>
        <integer>1</integer>
      </value>
    </criterionValue>
  </criteriaValues>
</xmcda:XMCDA>