﻿<?xml version="1.0" encoding="utf-8" standalone="no"?>
<xmcda:XMCDA xmlns:xmcda="http://www.decision-deck.org/2019/XMCDA-3.1.1" xmlns:xsi="http://www.w3.org/2001/XMLSchema-instance" xsi:schemaLocation="http://www.decision-deck.org/2019/XMCDA-3.1.1 http://www.decision-deck.org/xmcda/_downloads/XMCDA-3.1.1.xsd">
  <criteria mcdaConcept="criteria">
    <criterion>
      <criterionID>Cena [PLN]</criterionID>
      <criterionFunction>
        <points>
          <point>
            <abscissa>
              <real>1390</real>
            </abscissa>
            <ordinate>
              <real>0</real>
            </ordinate>
          </point>
          <point>
            <abscissa>
              <real>163</real>
            </abscissa>
            <ordinate>
              <real>3.22748772152437E-13</real>
            </ordinate>
          </point>
        </points>
      </criterionFunction>
    </criterion>
    <criterion>
      <criterionID>Gramatura kimona [g/m]</criterionID>
      <criterionFunction>
        <points>
          <point>
            <abscissa>
              <real>250</real>
            </abscissa>
            <ordinate>
              <real>0</real>
            </ordinate>
          </point>
          <point>
            <abscissa>
              <real>930</real>
            </abscissa>
            <ordinate>
              <real>0.147666333984709</real>
            </ordinate>
          </point>
        </points>
      </criterionFunction>
    </criterion>
    <criterion>
      <criterionID>Waga spodni [oz]</criterionID>
      <criterionFunction>
        <points>
          <point>
            <abscissa>
              <real>7</real>
            </abscissa>
            <ordinate>
              <real>0</real>
            </ordinate>
          </point>
          <point>
            <abscissa>
              <real>12</real>
            </abscissa>
            <ordinate>
              <real>0.217154873507323</real>
            </ordinate>
          </point>
        </points>
      </criterionFunction>
    </criterion>
    <criterion>
      <criterionID>Zawarto?? bawe?ny [%]</criterionID>
      <criterionFunction>
        <points>
          <point>
            <abscissa>
              <real>50</real>
            </abscissa>
            <ordinate>
              <real>0</real>
            </ordinate>
          </point>
          <point>
            <abscissa>
              <real>100</real>
            </abscissa>
            <ordinate>
              <real>3.22748772152437E-13</real>
            </ordinate>
          </point>
        </points>
      </criterionFunction>
    </criterion>
    <criterion>
      <criterionID>Ocena producenta</criterionID>
      <criterionFunction>
        <points>
          <point>
            <abscissa>
              <real>1</real>
            </abscissa>
            <ordinate>
              <real>0</real>
            </ordinate>
          </point>
          <point>
            <abscissa>
              <real>10</real>
            </abscissa>
            <ordinate>
              <real>0.635178792507323</real>
            </ordinate>
          </point>
        </points>
      </criterionFunction>
    </criterion>
  </criteria>
</xmcda:XMCDA>