﻿<?xml version="1.0" encoding="utf-8" standalone="no"?>
<xmcda:XMCDA xmlns:xmcda="http://www.decision-deck.org/2019/XMCDA-3.1.1" xmlns:xsi="http://www.w3.org/2001/XMLSchema-instance" xsi:schemaLocation="http://www.decision-deck.org/2019/XMCDA-3.1.1 http://www.decision-deck.org/xmcda/_downloads/XMCDA-3.1.1.xsd">
  <criteriaScales>
    <criterionScale>
      <criterionID>KARIERA</criterionID>
      <scales>
        <scale>
          <quantitative>
            <preferenceDirection>min</preferenceDirection>
          </quantitative>
        </scale>
      </scales>
    </criterionScale>
    <criterionScale>
      <criterionID>ROZNORDONOSC</criterionID>
      <scales>
        <scale>
          <quantitative>
            <preferenceDirection>max</preferenceDirection>
          </quantitative>
        </scale>
      </scales>
    </criterionScale>
    <criterionScale>
      <criterionID>IDEA</criterionID>
      <scales>
        <scale>
          <quantitative>
            <preferenceDirection>max</preferenceDirection>
          </quantitative>
        </scale>
      </scales>
    </criterionScale>
  </criteriaScales>
</xmcda:XMCDA>