﻿<?xml version="1.0" encoding="utf-8" standalone="no"?>
<xmcda:XMCDA xmlns:xmcda="http://www.decision-deck.org/2019/XMCDA-3.1.1" xmlns:xsi="http://www.w3.org/2001/XMLSchema-instance" xsi:schemaLocation="http://www.decision-deck.org/2019/XMCDA-3.1.1 http://www.decision-deck.org/xmcda/_downloads/XMCDA-3.1.1.xsd">
  <criteria>
    <criterion id="KARIERA" name="KARIERA">
      <active>true</active>
    </criterion>
    <criterion id="ROZNORDONOSC" name="ROZNORDONOSC">
      <active>true</active>
    </criterion>
    <criterion id="IDEA" name="IDEA">
      <active>true</active>
    </criterion>
  </criteria>
</xmcda:XMCDA>