﻿<?xml version="1.0" encoding="utf-8" standalone="no"?>
<xmcda:XMCDA xmlns:xmcda="http://www.decision-deck.org/2019/XMCDA-3.1.1" xmlns:xsi="http://www.w3.org/2001/XMLSchema-instance" xsi:schemaLocation="http://www.decision-deck.org/2019/XMCDA-3.1.1 http://www.decision-deck.org/xmcda/_downloads/XMCDA-3.1.1.xsd">
  <programParameters>
    <parameter id="preserve_kendall_coefficient">
      <values>
        <value>
          <boolean>true</boolean>
        </value>
      </values>
    </parameter>
  </programParameters>
</xmcda:XMCDA>