﻿<?xml version="1.0" encoding="utf-8" standalone="no"?>
<xmcda:XMCDA xmlns:xmcda="http://www.decision-deck.org/2019/XMCDA-3.1.1" xmlns:xsi="http://www.w3.org/2001/XMLSchema-instance" xsi:schemaLocation="http://www.decision-deck.org/2019/XMCDA-3.1.1 http://www.decision-deck.org/xmcda/_downloads/XMCDA-3.1.1.xsd">
  <performanceTable mcdaConcept="REAL">
    <alternativePerformances>
      <alternativeID>LBS</alternativeID>
      <performance>
        <criterionID>KARIERA</criterionID>
        <values>
          <value>
            <real>68.78</real>
          </value>
        </values>
      </performance>
      <performance>
        <criterionID>ROZNORDONOSC</criterionID>
        <values>
          <value>
            <real>63.03</real>
          </value>
        </values>
      </performance>
      <performance>
        <criterionID>IDEA</criterionID>
        <values>
          <value>
            <real>59.87</real>
          </value>
        </values>
      </performance>
    </alternativePerformances>
    <alternativePerformances>
      <alternativeID>MIT</alternativeID>
      <performance>
        <criterionID>KARIERA</criterionID>
        <values>
          <value>
            <real>60.01</real>
          </value>
        </values>
      </performance>
      <performance>
        <criterionID>ROZNORDONOSC</criterionID>
        <values>
          <value>
            <real>24.1</real>
          </value>
        </values>
      </performance>
      <performance>
        <criterionID>IDEA</criterionID>
        <values>
          <value>
            <real>85.81</real>
          </value>
        </values>
      </performance>
    </alternativePerformances>
    <alternativePerformances>
      <alternativeID>YALE</alternativeID>
      <performance>
        <criterionID>KARIERA</criterionID>
        <values>
          <value>
            <real>79.01</real>
          </value>
        </values>
      </performance>
      <performance>
        <criterionID>ROZNORDONOSC</criterionID>
        <values>
          <value>
            <real>25.98</real>
          </value>
        </values>
      </performance>
      <performance>
        <criterionID>IDEA</criterionID>
        <values>
          <value>
            <real>51.84</real>
          </value>
        </values>
      </performance>
    </alternativePerformances>
    <alternativePerformances>
      <alternativeID>UNC</alternativeID>
      <performance>
        <criterionID>KARIERA</criterionID>
        <values>
          <value>
            <real>67.8</real>
          </value>
        </values>
      </performance>
      <performance>
        <criterionID>ROZNORDONOSC</criterionID>
        <values>
          <value>
            <real>22.45</real>
          </value>
        </values>
      </performance>
      <performance>
        <criterionID>IDEA</criterionID>
        <values>
          <value>
            <real>62.4</real>
          </value>
        </values>
      </performance>
    </alternativePerformances>
    <alternativePerformances>
      <alternativeID>UTOR</alternativeID>
      <performance>
        <criterionID>KARIERA</criterionID>
        <values>
          <value>
            <real>59.34</real>
          </value>
        </values>
      </performance>
      <performance>
        <criterionID>ROZNORDONOSC</criterionID>
        <values>
          <value>
            <real>36.68</real>
          </value>
        </values>
      </performance>
      <performance>
        <criterionID>IDEA</criterionID>
        <values>
          <value>
            <real>60.79</real>
          </value>
        </values>
      </performance>
    </alternativePerformances>
    <alternativePerformances>
      <alternativeID>UCLA</alternativeID>
      <performance>
        <criterionID>KARIERA</criterionID>
        <values>
          <value>
            <real>55.46</real>
          </value>
        </values>
      </performance>
      <performance>
        <criterionID>ROZNORDONOSC</criterionID>
        <values>
          <value>
            <real>21.52</real>
          </value>
        </values>
      </performance>
      <performance>
        <criterionID>IDEA</criterionID>
        <values>
          <value>
            <real>74.54</real>
          </value>
        </values>
      </performance>
    </alternativePerformances>
    <alternativePerformances>
      <alternativeID>OXFORD</alternativeID>
      <performance>
        <criterionID>KARIERA</criterionID>
        <values>
          <value>
            <real>57.04</real>
          </value>
        </values>
      </performance>
      <performance>
        <criterionID>ROZNORDONOSC</criterionID>
        <values>
          <value>
            <real>43.49</real>
          </value>
        </values>
      </performance>
      <performance>
        <criterionID>IDEA</criterionID>
        <values>
          <value>
            <real>47.12</real>
          </value>
        </values>
      </performance>
    </alternativePerformances>
    <alternativePerformances>
      <alternativeID>MARYL</alternativeID>
      <performance>
        <criterionID>KARIERA</criterionID>
        <values>
          <value>
            <real>55.33</real>
          </value>
        </values>
      </performance>
      <performance>
        <criterionID>ROZNORDONOSC</criterionID>
        <values>
          <value>
            <real>25.28</real>
          </value>
        </values>
      </performance>
      <performance>
        <criterionID>IDEA</criterionID>
        <values>
          <value>
            <real>64.13</real>
          </value>
        </values>
      </performance>
    </alternativePerformances>
    <alternativePerformances>
      <alternativeID>CARNEGIE</alternativeID>
      <performance>
        <criterionID>KARIERA</criterionID>
        <values>
          <value>
            <real>54.02</real>
          </value>
        </values>
      </performance>
      <performance>
        <criterionID>ROZNORDONOSC</criterionID>
        <values>
          <value>
            <real>18.69</real>
          </value>
        </values>
      </performance>
      <performance>
        <criterionID>IDEA</criterionID>
        <values>
          <value>
            <real>71.93</real>
          </value>
        </values>
      </performance>
    </alternativePerformances>
    <alternativePerformances>
      <alternativeID>CBS</alternativeID>
      <performance>
        <criterionID>KARIERA</criterionID>
        <values>
          <value>
            <real>83.44</real>
          </value>
        </values>
      </performance>
      <performance>
        <criterionID>ROZNORDONOSC</criterionID>
        <values>
          <value>
            <real>32.94</real>
          </value>
        </values>
      </performance>
      <performance>
        <criterionID>IDEA</criterionID>
        <values>
          <value>
            <real>71.63</real>
          </value>
        </values>
      </performance>
    </alternativePerformances>
    <alternativePerformances>
      <alternativeID>CORNELL</alternativeID>
      <performance>
        <criterionID>KARIERA</criterionID>
        <values>
          <value>
            <real>60.54</real>
          </value>
        </values>
      </performance>
      <performance>
        <criterionID>ROZNORDONOSC</criterionID>
        <values>
          <value>
            <real>30.31</real>
          </value>
        </values>
      </performance>
      <performance>
        <criterionID>IDEA</criterionID>
        <values>
          <value>
            <real>55.99</real>
          </value>
        </values>
      </performance>
    </alternativePerformances>
    <alternativePerformances>
      <alternativeID>DUKE</alternativeID>
      <performance>
        <criterionID>KARIERA</criterionID>
        <values>
          <value>
            <real>64.05</real>
          </value>
        </values>
      </performance>
      <performance>
        <criterionID>ROZNORDONOSC</criterionID>
        <values>
          <value>
            <real>27.25</real>
          </value>
        </values>
      </performance>
      <performance>
        <criterionID>IDEA</criterionID>
        <values>
          <value>
            <real>64.68</real>
          </value>
        </values>
      </performance>
    </alternativePerformances>
    <alternativePerformances>
      <alternativeID>ESADE</alternativeID>
      <performance>
        <criterionID>KARIERA</criterionID>
        <values>
          <value>
            <real>54.61</real>
          </value>
        </values>
      </performance>
      <performance>
        <criterionID>ROZNORDONOSC</criterionID>
        <values>
          <value>
            <real>60.15</real>
          </value>
        </values>
      </performance>
      <performance>
        <criterionID>IDEA</criterionID>
        <values>
          <value>
            <real>14.45</real>
          </value>
        </values>
      </performance>
    </alternativePerformances>
    <alternativePerformances>
      <alternativeID>HARVARD</alternativeID>
      <performance>
        <criterionID>KARIERA</criterionID>
        <values>
          <value>
            <real>77.84</real>
          </value>
        </values>
      </performance>
      <performance>
        <criterionID>ROZNORDONOSC</criterionID>
        <values>
          <value>
            <real>29.05</real>
          </value>
        </values>
      </performance>
      <performance>
        <criterionID>IDEA</criterionID>
        <values>
          <value>
            <real>93.91</real>
          </value>
        </values>
      </performance>
    </alternativePerformances>
    <alternativePerformances>
      <alternativeID>IESE</alternativeID>
      <performance>
        <criterionID>KARIERA</criterionID>
        <values>
          <value>
            <real>61.99</real>
          </value>
        </values>
      </performance>
      <performance>
        <criterionID>ROZNORDONOSC</criterionID>
        <values>
          <value>
            <real>54.61</real>
          </value>
        </values>
      </performance>
      <performance>
        <criterionID>IDEA</criterionID>
        <values>
          <value>
            <real>40.04</real>
          </value>
        </values>
      </performance>
    </alternativePerformances>
    <alternativePerformances>
      <alternativeID>INSEAD</alternativeID>
      <performance>
        <criterionID>KARIERA</criterionID>
        <values>
          <value>
            <real>56.59</real>
          </value>
        </values>
      </performance>
      <performance>
        <criterionID>ROZNORDONOSC</criterionID>
        <values>
          <value>
            <real>70.74</real>
          </value>
        </values>
      </performance>
      <performance>
        <criterionID>IDEA</criterionID>
        <values>
          <value>
            <real>65.45</real>
          </value>
        </values>
      </performance>
    </alternativePerformances>
    <alternativePerformances>
      <alternativeID>NYU</alternativeID>
      <performance>
        <criterionID>KARIERA</criterionID>
        <values>
          <value>
            <real>68.24</real>
          </value>
        </values>
      </performance>
      <performance>
        <criterionID>ROZNORDONOSC</criterionID>
        <values>
          <value>
            <real>26.74</real>
          </value>
        </values>
      </performance>
      <performance>
        <criterionID>IDEA</criterionID>
        <values>
          <value>
            <real>80.4</real>
          </value>
        </values>
      </performance>
    </alternativePerformances>
    <alternativePerformances>
      <alternativeID>NWU</alternativeID>
      <performance>
        <criterionID>KARIERA</criterionID>
        <values>
          <value>
            <real>68.68</real>
          </value>
        </values>
      </performance>
      <performance>
        <criterionID>ROZNORDONOSC</criterionID>
        <values>
          <value>
            <real>24.52</real>
          </value>
        </values>
      </performance>
      <performance>
        <criterionID>IDEA</criterionID>
        <values>
          <value>
            <real>72.43</real>
          </value>
        </values>
      </performance>
    </alternativePerformances>
    <alternativePerformances>
      <alternativeID>ROTT</alternativeID>
      <performance>
        <criterionID>KARIERA</criterionID>
        <values>
          <value>
            <real>51.2</real>
          </value>
        </values>
      </performance>
      <performance>
        <criterionID>ROZNORDONOSC</criterionID>
        <values>
          <value>
            <real>52.91</real>
          </value>
        </values>
      </performance>
      <performance>
        <criterionID>IDEA</criterionID>
        <values>
          <value>
            <real>42.98</real>
          </value>
        </values>
      </performance>
    </alternativePerformances>
    <alternativePerformances>
      <alternativeID>STANFORD</alternativeID>
      <performance>
        <criterionID>KARIERA</criterionID>
        <values>
          <value>
            <real>76.77</real>
          </value>
        </values>
      </performance>
      <performance>
        <criterionID>ROZNORDONOSC</criterionID>
        <values>
          <value>
            <real>28.52</real>
          </value>
        </values>
      </performance>
      <performance>
        <criterionID>IDEA</criterionID>
        <values>
          <value>
            <real>81.8</real>
          </value>
        </values>
      </performance>
    </alternativePerformances>
  </performanceTable>
</xmcda:XMCDA>