<?xml version="1.0" encoding="UTF-8" standalone="no"?><xmcda:XMCDA xmlns:xmcda="http://www.decision-deck.org/2019/XMCDA-3.1.1"><criteriaThresholds><criterionThreshold><criterionID>0</criterionID><thresholds><threshold mcdaConcept="indifference"><affine><type>direct</type><slope><real>0.3</real></slope><intercept><real>0.0</real></intercept></affine></threshold><threshold mcdaConcept="preference"><affine><type>direct</type><slope><real>0.4</real></slope><intercept><real>0.0</real></intercept></affine></threshold><threshold mcdaConcept="veto"><affine mcdaConcept="true"><type>direct</type><slope><real>0.5</real></slope><intercept><real>0.0</real></intercept></affine></threshold></thresholds></criterionThreshold><criterionThreshold><criterionID>1</criterionID><thresholds><threshold mcdaConcept="indifference"><affine><type>inverse</type><slope><real>0.0</real></slope><intercept><real>0.0</real></intercept></affine></threshold><threshold mcdaConcept="preference"><affine><type>inverse</type><slope><real>0.0</real></slope><intercept><real>1.0</real></intercept></affine></threshold><threshold mcdaConcept="veto"><affine mcdaConcept="false"><type>inverse</type><slope><real>0.0</real></slope><intercept><real>2.0</real></intercept></affine></threshold></thresholds></criterionThreshold></criteriaThresholds></xmcda:XMCDA>