<?xml version="1.0" encoding="UTF-8" standalone="no"?><xmcda:XMCDA xmlns:xmcda="http://www.decision-deck.org/2019/XMCDA-3.1.1"><criteriaScales><criterionScale><criterionID>0</criterionID><scales><scale><quantitative><preferenceDirection>min</preferenceDirection></quantitative></scale></scales></criterionScale><criterionScale><criterionID>1</criterionID><scales><scale><quantitative><preferenceDirection>max</preferenceDirection></quantitative></scale></scales></criterionScale></criteriaScales></xmcda:XMCDA>