<?xml version="1.0" encoding="UTF-8" standalone="no"?><xmcda:XMCDA xmlns:xmcda="http://www.decision-deck.org/2019/XMCDA-3.1.1"><performanceTable><alternativePerformances><alternativeID>0</alternativeID><performance><criterionID>0</criterionID><values><value><real>10.0</real></value></values></performance><performance><criterionID>1</criterionID><values><value><real>1.0</real></value></values></performance></alternativePerformances><alternativePerformances><alternativeID>1</alternativeID><performance><criterionID>0</criterionID><values><value><real>20.0</real></value></values></performance><performance><criterionID>1</criterionID><values><value><real>2.0</real></value></values></performance></alternativePerformances><alternativePerformances><alternativeID>2</alternativeID><performance><criterionID>0</criterionID><values><value><real>20.0</real></value></values></performance><performance><criterionID>1</criterionID><values><value><real>0.0</real></value></values></performance></alternativePerformances><alternativePerformances><alternativeID>3</alternativeID><performance><criterionID>0</criterionID><values><value><real>40.0</real></value></values></performance><performance><criterionID>1</criterionID><values><value><real>0.0</real></value></values></performance></alternativePerformances><alternativePerformances><alternativeID>4</alternativeID><performance><criterionID>0</criterionID><values><value><real>30.0</real></value></values></performance><performance><criterionID>1</criterionID><values><value><real>3.0</real></value></values></performance></alternativePerformances></performanceTable></xmcda:XMCDA>