﻿<?xml version="1.0" encoding="utf-8" standalone="no"?>
<xmcda:XMCDA xmlns:xmcda="http://www.decision-deck.org/2019/XMCDA-3.1.1" xmlns:xsi="http://www.w3.org/2001/XMLSchema-instance" xsi:schemaLocation="http://www.decision-deck.org/2019/XMCDA-3.1.1 http://www.decision-deck.org/xmcda/_downloads/XMCDA-3.1.1.xsd">
  <programParameters>
    <parameter id="Cena [PLN]">
      <values>
        <value>
          <label />
        </value>
      </values>
    </parameter>
    <parameter id="Gramatura kimona [g/m]">
      <values>
        <value>
          <label>variableProbability</label>
        </value>
      </values>
    </parameter>
    <parameter id="Waga spodni [oz]">
      <values>
        <value>
          <label />
        </value>
      </values>
    </parameter>
    <parameter id="Zawarto?? bawe?ny [%]">
      <values>
        <value>
          <label />
        </value>
      </values>
    </parameter>
    <parameter id="Ocena producenta">
      <values>
        <value>
          <label>lotteriesComparison</label>
          <real>0.5</real>
        </value>
      </values>
    </parameter>
  </programParameters>
</xmcda:XMCDA>