﻿<?xml version="1.0" encoding="utf-8" standalone="no"?>
<xmcda:XMCDA xmlns:xmcda="http://www.decision-deck.org/2019/XMCDA-3.1.1" xmlns:xsi="http://www.w3.org/2001/XMLSchema-instance" xsi:schemaLocation="http://www.decision-deck.org/2019/XMCDA-3.1.1 http://www.decision-deck.org/xmcda/_downloads/XMCDA-3.1.1.xsd">
  <criteria mcdaConcept="criteria">
    <criterion>
      <criterionID>Gramatura kimona [g/m]</criterionID>
      <criterionFunction>
        <points>
          <point>
            <abscissa>
              <real>250</real>
            </abscissa>
            <ordinate>
              <real>0</real>
            </ordinate>
          </point>
          <point>
            <abscissa>
              <real>664.375</real>
            </abscissa>
            <ordinate>
              <real>0.25</real>
            </ordinate>
          </point>
          <point>
            <abscissa>
              <real>802.5</real>
            </abscissa>
            <ordinate>
              <real>0.5</real>
            </ordinate>
          </point>
          <point>
            <abscissa>
              <real>930</real>
            </abscissa>
            <ordinate>
              <real>1</real>
            </ordinate>
          </point>
        </points>
      </criterionFunction>
    </criterion>
    <criterion>
      <criterionID>Ocena producenta</criterionID>
      <criterionFunction>
        <points>
          <point>
            <abscissa>
              <real>1</real>
            </abscissa>
            <ordinate>
              <real>0</real>
            </ordinate>
          </point>
          <point>
            <abscissa>
              <real>3.25</real>
            </abscissa>
            <ordinate>
              <real>0.1875</real>
            </ordinate>
          </point>
          <point>
            <abscissa>
              <real>5.5</real>
            </abscissa>
            <ordinate>
              <real>0.25</real>
            </ordinate>
          </point>
          <point>
            <abscissa>
              <real>10</real>
            </abscissa>
            <ordinate>
              <real>1</real>
            </ordinate>
          </point>
        </points>
      </criterionFunction>
    </criterion>
  </criteria>
</xmcda:XMCDA>