﻿<?xml version="1.0" encoding="utf-8" standalone="no"?>
<xmcda:XMCDA xmlns:xmcda="http://www.decision-deck.org/2019/XMCDA-3.1.1" xmlns:xsi="http://www.w3.org/2001/XMLSchema-instance" xsi:schemaLocation="http://www.decision-deck.org/2019/XMCDA-3.1.1 http://www.decision-deck.org/xmcda/_downloads/XMCDA-3.1.1.xsd">
  <criteriaValues>
    <criterionValue>
      <criterionID>Gramatura kimona [g/m]</criterionID>
      <values>
        <value>
          <real>0.25</real>
        </value>
      </values>
    </criterionValue>
    <criterionValue>
      <criterionID>Ocena producenta</criterionID>
      <values>
        <value>
          <real>0.875</real>
        </value>
      </values>
    </criterionValue>
  </criteriaValues>
</xmcda:XMCDA>